Name,Biography
Bogota,"Bogotá, whose real name is Ricardo Ramos, is a fictional character in the Spanish television series ""Money Heist"" (La Casa de Papel). The character is portrayed by actor Hovik Keuchkerian. Here's a brief fictional biography of Bogotá based on the events up to my knowledge cutoff in January 2022:Bogotá is a Serbian soldier and war veteran who participated in various military operations before joining the gang led by ""The Professor"" (Sergio Marquina). His military background makes him a valuable asset for the gang's ambitious plan to rob the Royal Mint of Spain.Bogotá is recruited by The Professor to be part of the Royal Mint heist, where he takes on the role of the Royal Mint's printing supervisor. He becomes a key member of the gang and uses his expertise to navigate through the challenges posed by the heist. Throughout the heist, Bogotá forms bonds with other members of the gang, including Helsinki.Bogotá develops a close friendship with Helsinki (Yashin Dasáyev), another member of the gang. Their camaraderie adds a layer of emotional depth to the series, showcasing the personal connections formed among the diverse group of robbers.As of my last knowledge update in January 2022, Bogotá's story continues in the subsequent parts of ""Money Heist."" The character faces challenges and dilemmas as the gang deals with the fallout from the Royal Mint heist and engages in new heists.It's important to note that additional developments in the character's storyline may have occurred in later seasons or parts that were released after my last update. To get the most accurate and up-to-date information on Bogotá's biography, I recommend checking the latest episodes or official sources related to ""Money Heist"" released after January 2022."
Denver,"Denver is the son of Moscow (Ricardo Ramos), one of the original members of the gang led by ""The Professor"" (Sergio Marquina). His real name is Ricardo Ramos, but he is often referred to as Denver to avoid confusion with his father. Denver's upbringing was unconventional due to his father's involvement in criminal activities.Denver plays a significant role in the first two parts of ""Money Heist"" during the Royal Mint heist. He is one of the robbers inside the Mint and initially struggles with adapting to the group dynamics. Over time, he becomes close to other members, especially Monica Gaztambide (Stockholm), with whom he develops a romantic relationship.After the Royal Mint heist, Denver remains an integral part of the gang. In subsequent parts, he faces new challenges, both personal and related to the heists orchestrated by The Professor. Denver's character undergoes significant development as he navigates the complexities of his relationships and the dangerous world of crime.Denver's relationship with his father, Moscow, is a central theme in the series. The bond between father and son is explored, adding emotional depth to Denver's character.Please note that the events and character developments in ""Money Heist"" may have progressed further in seasons or parts released after my last knowledge update in January 2022. To get the most accurate and up-to-date information on Denver's biography, I recommend checking the latest episodes or official sources related to ""Money Heist."""
Palermo,"Denver is the son of Moscow (Ricardo Ramos), one of the original members of the gang led by ""The Professor"" (Sergio Marquina). His real name is Ricardo Ramos, but he is often referred to as Denver to avoid confusion with his father. Denver's upbringing was unconventional due to his father's involvement in criminal activities.Denver plays a significant role in the first two parts of ""Money Heist"" during the Royal Mint heist. He is one of the robbers inside the Mint and initially struggles with adapting to the group dynamics. Over time, he becomes close to other members, especially Monica Gaztambide (Stockholm), with whom he develops a romantic relationship.After the Royal Mint heist, Denver remains an integral part of the gang. In subsequent parts, he faces new challenges, both personal and related to the heists orchestrated by The Professor. Denver's character undergoes significant development as he navigates the complexities of his relationships and the dangerous world of crime.Denver's relationship with his father, Moscow, is a central theme in the series. The bond between father and son is explored, adding emotional depth to Denver's character.Please note that the events and character developments in ""Money Heist"" may have progressed further in seasons or parts released after my last knowledge update in January 2022. To get the most accurate and up-to-date information on Denver's biography, I recommend checking the laPalermo's real name is Ricardo Ramos, but like many other members of the gang, he is often referred to by the name of the city he is associated with. Palermo is an experienced and strategic criminal who becomes a key player in the heists planned by ""The Professor"" (Sergio Marquina).Palermo is introduced in Part 3 of ""Money Heist"" during the Royal Mint heist. He takes on the role of the second-in-command after Berlin's demise, and his responsibilities include overseeing the execution of The Professor's plan within the Royal Mint.After the Royal Mint heist, Palermo continues to be involved with the gang in subsequent parts. His character faces various challenges and dilemmas, contributing to the overall tension and drama of the series. Palermo's complex personality and decisions impact the dynamics of the group.Palermo forms connections with other members of the gang, and his relationships with Berlin and Helsinki, in particular, are explored in the series. His interactions with other characters add layers to his personality and motivations.Given the evolving nature of the ""Money Heist"" series, I recommend checking the latest episodes or official sources related to the show for the most up-to-date information on Palermo's biography and character development.test episodes or official sources related to ""Money Heist."""
Professor,"Sergio Marquina was born and raised in Spain. From a young age, he displayed exceptional intelligence and a passion for knowledge. His keen interest in strategy, planning, and executing intricate plans set him apart from his peers. Sergio pursued higher education and earned multiple degrees in various fields, solidifying his reputation as a brilliant mind.After completing his education, Sergio Marquina began his career in academia, teaching at a prestigious university. However, his dissatisfaction with the system and a desire for a more impactful life led him to explore unconventional paths.Sergio's life took a dramatic turn when he decided to use his intellect for a cause that would challenge societal norms. Adopting the alias ""The Professor,"" he meticulously planned and executed elaborate heists. His ability to think several steps ahead earned him a reputation as a criminal mastermind.The Professor's first major heist was the Royal Mint of Spain. Assembling a team of skilled individuals, each with a unique talent, he orchestrated a plan to print billions of euros within the mint's walls. The heist not only involved managing hostages but also manipulating the police and the public perception of the events.Throughout his criminal career, The Professor maintained a calm and composed demeanor. However, his emotions ran deep, especially when it came to his relationship with Raquel Murillo, a police inspector. Their complex connection added a layer of personal drama to the overarching heist narrative.Following the success of the Royal Mint heist, The Professor embarked on an even more ambitious plan - the Bank of Spain heist. This time, the stakes were higher, and the challenges more daunting. The plan involved outsmarting law enforcement, dealing with internal conflicts among the group, and navigating the intricate dynamics of the Spanish financial system.The Professor's legacy extends beyond his criminal endeavors. His character is known for his strategic brilliance, unwavering determination, and a sense of justice that questions the established order. While his actions may be seen as criminal, The Professor sees himself as a revolutionary challenging the system.Sergio Marquina's portrayal of The Professor in ""Money Heist"" has garnered widespread acclaim, turning the character into an iconic figure in the world of television."
Tokyo,"Silene Oliveira, famously known as Tokyo, is a fictional character in the Spanish television series ""Money Heist"" (La Casa de Papel). Born and raised in Brazil, Tokyo's early life was marked by a rebellious spirit and a penchant for trouble. Her impulsive nature often led her into conflicts and precarious situations.Tokyo's troubled adolescence in Brazil eventually culminated in a life of crime. Engaged in a tumultuous relationship with a man involved in criminal activities, she found herself on the run from the authorities. Her involvement in a failed bank robbery forced her to go underground, adopting the alias Tokyo.Recruited by The Professor for the Royal Mint heist, Tokyo became an integral part of the group responsible for printing billions of euros. Despite initial conflicts and clashes with other members, she established herself as a skilled and resourceful participant in the elaborate plan. Her narrative voice and introspective reflections provide a unique perspective on the unfolding events.Tokyo's relationships within the group are complex. She forms a particularly close bond with Rio, a fellow heist member, which develops into a romantic connection. Tokyo's emotional journey is also marked by friendships and conflicts with other members of the group, reflecting the dynamics of a close-knit but diverse team.Tokyo continues her involvement in The Professor's ambitious plan to rob the Bank of Spain. This time, the challenges are greater, and the risks are higher. Tokyo's role in the heist evolves as she navigates the complexities of the operation, facing unforeseen obstacles and forming new alliances within the group.Tokyo is known for her impulsive and emotional nature, often acting on instinct rather than careful calculation. Despite her rebellious exterior, she harbors a sense of loyalty to those close to her. Her character undergoes significant development throughout the series, and viewers witness her transformation from a troubled fugitive to a key player in The Professor's intricate plans.As one of the central characters in ""Money Heist,"" Tokyo's legacy is tied to her resilience, adaptability, and the emotional depth she brings to the narrative. Her experiences and growth contribute to the overall complexity of the series, making her a memorable and impactful character in the world of television."
Raquel,"Raquel Murillo is a fictional character in the Spanish television series ""Money Heist"" (La Casa de Papel). Born and raised in Spain, Raquel had a distinguished career in law enforcement, working as an inspector for the National Police Corps. Her commitment to justice and her sharp investigative skills set her apart in her field.Raquel Murillo's early career was marked by several successful cases, earning her a reputation as a formidable and dedicated inspector. However, her personal life faced challenges, including a failed marriage and the complexities of raising a daughter as a single mother.Raquel becomes entangled with the heist at the Royal Mint when she is assigned to lead the police investigation. Her pursuit of The Professor and the heist members is relentless, but as the events unfold, she becomes increasingly sympathetic to the motives of the criminals. Raquel's evolving relationship with The Professor adds a layer of complexity to the narrative.Raquel's personal life becomes intertwined with the heist, leading to emotional turmoil. Her internal conflict between duty and empathy creates a rich character arc. Despite her role as a law enforcement officer, Raquel finds herself drawn to The Professor, blurring the lines between justice and personal connections.In the subsequent heist at the Bank of Spain, Raquel faces new challenges. Having joined forces with The Professor, she plays a pivotal role in navigating the complexities of the operation. Her strategic thinking and understanding of law enforcement tactics contribute significantly to the success of the plan.Throughout the series, Raquel undergoes a significant transformation. Her journey from a determined police inspector to someone sympathetic to the motives of the heist members challenges traditional notions of right and wrong. Raquel's character explores themes of morality, love, and the gray areas that exist within the criminal justice system.Raquel Murillo's character leaves a lasting impact on ""Money Heist."" Her story is one of redemption, personal growth, and a questioning of established norms. The complexities of her character contribute to the overall depth of the series, and her legacy is one of resilience and the ability to find humanity in unexpected places."
Helsinki,"Ricardo Ramos, known by his alias Helsinki, is a fictional character in the Spanish television series ""Money Heist"" (La Casa de Papel). Born and raised in Serbia, Helsinki has a background marked by war and tragedy, shaping him into a formidable and resilient individual.Helsinki's early life was marred by the conflict in the Balkans. He endured the hardships of war, witnessing the devastation and loss that it brought to his homeland. This traumatic background forged Helsinki into a stoic and strong-willed character.Following the war, Helsinki found himself drawn into a life of crime. His imposing physical presence and skills in combat made him an asset to various criminal enterprises. Despite his criminal activities, Helsinki remained deeply connected to his past, carrying the emotional scars of the war with him.Recruited by The Professor for the Royal Mint heist, Helsinki became an integral part of the group. His role extended beyond his physical prowess, as he formed close bonds with other members of the heist team. His interactions, particularly with Oslo, showcase the camaraderie that develops among the criminals.Helsinki's relationships within the group are characterized by loyalty and camaraderie. His bond with Berlin, The Professor's brother, is particularly strong, reflecting a shared history of crime and a deep mutual respect. Additionally, Helsinki's interactions with other heist members reveal a compassionate and protective side to his character.Helsinki continues to play a crucial role in the Bank of Spain heist. As the group faces new challenges and unexpected obstacles, Helsinki's physical strength and emotional resilience contribute significantly to the success of the operation.Helsinki is known for his imposing physical stature, stoic demeanor, and a sense of loyalty that extends to his fellow heist members. Despite his tough exterior, he harbors a deep emotional core, particularly evident in his interactions with his chosen family within the group.Helsinki's character leaves a lasting impact on ""Money Heist."" His journey reflects themes of resilience, loyalty, and the enduring impact of trauma. As one of the key members of the heist team, Helsinki's legacy is one of strength, brotherhood, and the ability to find solace and purpose in the midst of chaos."
Marseille,"Ricardo Ramos, known by his alias Helsinki, is a fictional character in the Spanish television series ""Money Heist"" (La Casa de Papel). Born and raised in Serbia, Helsinki has a background marked by war and tragedy, shaping him into a formidable and resilient individual.Helsinki's early life was marred by the conflict in the Balkans. He endured the hardships of war, witnessing the devastation and loss that it brought to his homeland. This traumatic background forged Helsinki into a stoic and strong-willed character.Following the war, Helsinki found himself drawn into a life of crime. His imposing physical presence and skills in combat made him an asset to various criminal enterprises. Despite his criminal activities, Helsinki remained deeply connected to his past, carrying the emotional scars of the war with him.Recruited by The Professor for the Royal Mint heist, Helsinki became an integral part of the group. His role extended beyond his physical prowess, as he formed close bonds with other members of the heist team. His interactions, particularly with Oslo, showcase the camaraderie that develops among the criminals.Helsinki's relationships within the group are characterized by loyalty and camaraderie. His bond with Berlin, The Professor's brother, is particularly strong, reflecting a shared history of crime and a deep mutual respect. Additionally, Helsinki's interactions with other heist members reveal a compassionate and protective side to his character.Helsinki continues to play a crucial role in the Bank of Spain heist. As the group faces new challenges and unexpected obstacles, Helsinki's physical strength and emotional resilience contribute significantly to the success of the operation.Helsinki is known for his imposing physical stature, stoic demeanor, and a sense of loyalty that extends to his fellow heist members. Despite his tough exterior, he harbors a deep emotional core, particularly evident in his interactions with his chosen family within the group.Helsinki's character leaves a lasting impact on ""Money Heist."" His journey reflects themes of resilience, loyalty, and the enduring impact of trauma. As one of the key members of the heist team, Helsinki's legacy is one of strength, brotherhood, and theRicardo Ramos, also known as Marseille, is a fictional character in the Spanish television series ""Money Heist"" (La Casa de Papel). Born and raised in Algeria, Marseille has a background that adds an international dimension to the diverse group of heist members.Marseille's early life in Algeria is marked by a mix of cultural influences. His experiences growing up in a unique geopolitical context contribute to his adaptability and a keen understanding of various languages and customs. These qualities become valuable assets in the context of the heists orchestrated by The Professor.One of Marseille's notable traits is his proficiency in multiple languages. His ability to communicate effectively in Arabic, French, Spanish, and other languages makes him a valuable asset in the heist operations. This linguistic versatility allows him to navigate various situations and communicate with different members of the group and hostages.Marseille's introduction to the heist world comes through his connection with The Professor. His unique skills and background make him an ideal recruit for the group. Marseille's loyalty to The Professor and his commitment to the heist's success solidify his place within the team.Marseille plays a crucial role in the Royal Mint heist. His linguistic abilities prove essential in managing hostages and communicating with both the group and law enforcement. Additionally, Marseille's presence adds a layer of cultural diversity to the dynamic mix of characters involved in the heist.As the heist shifts to the Bank of Spain, Marseille's role becomes even more integral. His adaptability and linguistic skills continue to be valuable assets as the group faces new challenges and navigates the complexities of the operation.Marseille is characterized by his calm and composed demeanor. He possesses a keen intellect and a strategic mindset, contributing to the overall success of the heists. His loyalty to The Professor and his ability to maintain a level head in high-pressure situations make him a respected and valuable member of the team.Marseille's legacy in ""Money Heist"" is one of cultural diversity, linguistic versatility, and unwavering loyalty. His character adds depth to the ensemble of heist members, showcasing the importance of different skills and backgrounds coming together for a common cause."
Stockholm,"Monica Gaztambide, also known as Stockholm, is a fictional character in the Spanish television series ""Money Heist"" (La Casa de Papel). Her journey in the series is marked by unexpected turns, transitioning from a seemingly ordinary life to becoming an integral part of the Royal Mint and Bank of Spain heists.Monica's early life is characterized by a conventional and stable existence. She is married to Arturo Roman, the director of the Royal Mint, and works as his secretary. Initially portrayed as a law-abiding citizen, Monica's life takes an unexpected turn when she becomes entangled in the heist orchestrated by The Professor.Monica's involvement in the Royal Mint heist is initially as a hostage, but her relationship with Denver, one of the heist members, develops into a romantic connection. Over the course of the heist, Monica undergoes a transformation and takes on an active role within the group, earning her the alias Stockholm, a term associated with hostages developing empathy for their captors.Monica's romantic involvement with Denver becomes a central aspect of her character development. Their relationship faces challenges, including opposition from Arturo and the complexities of being part of a criminal enterprise. Despite the obstacles, Stockholm and Denver's love story adds a layer of emotional depth to the series.Monica's character also evolves into a maternal figure within the group, providing emotional support and care to the other heist members. Her nurturing qualities contrast with the high-stakes and intense atmosphere of the heists, adding a touch of humanity to the unfolding drama.As the heists continue, Monica remains an essential part of the group's dynamics. Her adaptability and loyalty contribute to the success of the Bank of Spain heist. The challenges faced by the group test the strength of her relationships and her resolve to stay committed to the cause.Monica is characterized by her resilience, adaptability, and the capacity to find strength in unexpected circumstances. Her transformation from a seemingly ordinary woman to a key member of the heist team showcases her ability to navigate complex situations and form meaningful connections.Stockholm's legacy in ""Money Heist"" is one of personal evolution, resilience, and the exploration of the blurred lines between captor and captive. Her character adds emotional depth to the series, demonstrating the transformative power of love and the human spirit in the face of extraordinary challenges."
Berlin,"Ricardo Ramos, known by his alias Berlin, is a pivotal character in the Spanish television series ""Money Heist"" (La Casa de Papel). Born into a wealthy family in Spain, Berlin's complex background and terminal illness contribute to his enigmatic and sometimes ruthless nature.Berlin grew up in a privileged environment, enjoying the benefits of his family's wealth. However, his life took a dramatic turn when he was diagnosed with a terminal illness. Faced with a limited time frame, Berlin's perspective on life shifted, and he chose to embrace a more unconventional and audacious path.Prior to joining The Professor's heist, Berlin had established himself as a skilled and cold-hearted criminal mastermind. His intelligence, strategic thinking, and ruthless nature made him a force to be reckoned with. Berlin's experience in executing high-stakes robberies set the stage for his crucial role in the Royal Mint and Bank of Spain heists.Berlin is one of the key players in The Professor's plan to infiltrate the Royal Mint. As the mastermind within the mint, Berlin's authoritative and sometimes tyrannical approach creates tensions within the group. Despite his harsh demeanor, Berlin's strategic acumen proves essential to the success of the heist.Berlin's relationships within the group are marked by complexity. His connection with The Professor is both fraternal and professional, and his interactions with other members, particularly the hostages, reveal layers of his character. Berlin's complicated romantic involvement with fellow heist member Ariadna (also known as Nairobi) adds emotional depth to his character.Throughout the series, Berlin's terminal illness becomes a central aspect of his character arc. The knowledge of his impending death shapes his actions and decisions, influencing the dynamics within the group. Berlin's acceptance of his fate and determination to leave a lasting legacy drive his motivations and actions.Berlin's presence continues to loom large in the Bank of Spain heist. Flashbacks and references to his character contribute to the ongoing narrative, emphasizing his impact on the events unfolding in the series.Berlin's legacy in ""Money Heist"" is one of brilliance, ruthlessness, and a complex blend of redemption and tragedy. His character leaves an indelible mark on the series, exploring themes of mortality, redemption, and the lengths one will go to leave a lasting legacy. Berlin's enigmatic presence contributes to the depth and richness of the narrative, making him one of the most memorable characters in the show."
Rio,"Aníbal Cortés, known by his alias Rio, is a fictional character in the Spanish television series ""Money Heist"" (La Casa de Papel). Rio's journey in the series is characterized by his youth, technological skills, and his relationships with other members of The Professor's heist team.Rio's early life is not extensively explored in the series, but it is suggested that he had a relatively ordinary upbringing in Spain. His background in technology and hacking becomes a significant aspect of his character, showcasing his expertise in a field crucial to the success of the heists.Rio is introduced to the audience as a skilled hacker, showcasing his proficiency with computers and technology. His technological expertise becomes a valuable asset for The Professor's plans, especially in dealing with surveillance, hacking systems, and maintaining communication within the group.Rio becomes a key member of The Professor's team during the Royal Mint heist. His technological skills are crucial for maintaining control over the mint's security systems and communication channels. Rio's interactions with Tokyo lead to a romantic relationship, adding a personal dimension to his character.Rio's romantic involvement with Tokyo becomes a central aspect of his character development. The challenges and dynamics of their relationship contribute to the emotional depth of the series, highlighting the personal struggles that intertwine with the high-stakes heists.Rio faces significant challenges during the series when he is captured by law enforcement. His arrest leads to a dramatic and emotional sequence of events, as The Professor and the team must devise a plan to rescue him. Rio's resilience during captivity and the impact of the experience on his character contribute to the overall tension in the narrative.Rio continues to play a crucial role in the Bank of Spain heist. His technological skills remain essential, and his character faces new challenges and obstacles as the group navigates the complexities of the operation.Rio is characterized by his youthful energy, technological proficiency, and the personal challenges he faces as part of the heist team. His journey explores themes of love, loyalty, and the impact of the criminal life on individuals, especially those with less experience in the world of crime.Rio's legacy in ""Money Heist"" is one of growth, resilience, and the exploration of the personal consequences of a life of crime. His character adds a youthful and tech-savvy dimension to the series, showcasing the diversity of skills needed for the success of The Professor's intricate plans."
Nairobi,"Sergio Marquina, known by her alias Nairobi, is a fictional character in the Spanish television series ""Money Heist"" (La Casa de Papel). Her character is defined by her strength, leadership skills, and emotional depth, making her one of the standout members of The Professor's heist team.Nairobi's early life is marked by challenges and hardships. Hailing from Spain, she grew up in difficult circumstances, and her journey into a life of crime was driven by the necessity to provide for her son, Axel. Nairobi's maternal instincts and love for her child become significant motivators throughout the series.Nairobi's unique skill set lies in her expertise in counterfeiting. This skill becomes crucial during the Royal Mint heist, where she is responsible for overseeing the printing of money. Her attention to detail and artistic abilities contribute significantly to the success of the heist.As the heists progress, Nairobi emerges as a natural leader within the group. Her ability to command respect, make tough decisions, and handle complex situations earns her the admiration of other heist members. Nairobi's leadership role adds a dynamic and powerful element to the team's dynamics.Nairobi's role as a mother is a central aspect of her character. Her love for Axel is a driving force in her decisions and actions. The series explores the challenges of maintaining a maternal role while being immersed in a life of crime, adding layers of complexity to Nairobi's character.Nairobi's romantic involvement with Berlin, the mastermind of the heists, adds an emotional dimension to her character. Their complex relationship, marked by moments of tenderness and tension, contributes to the intricate interpersonal dynamics within the group.Throughout the series, Nairobi faces personal challenges, including health issues and emotional conflicts. Her resilience in the face of adversity and her ability to maintain composure under pressure showcase the strength of her character.Nairobi continues to play a crucial role in the Bank of Spain heist. Her leadership, maternal instincts, and expertise contribute to the group's success. However, the new challenges faced by the team also test Nairobi's strength and resolve.Nairobi's legacy in ""Money Heist"" is one of strength, leadership, and the exploration of the complexities of a maternal figure immersed in a life of crime. Her character resonates with viewers, and her journey adds emotional depth to the series, showcasing the human side of individuals involved in high-stakes heists."
